n_excitatory,n_inhibitory,sim_time,dt,epsilon,g,eta,J_ex,n_threads,tau,amplitude,sigma_intra,sigma_extra,smooth_window_ms,tau_method,spike_cut_window,solver,lag_ms,lam,lam_l2,chunk_size,n_epochs,lr,device,data_path,name,seed,output_dir,connectivity/pearson,connectivity/auc_roc,diag/ei_ratio,duration_s,timestamp,run_dir
80,20,5000.0,0.1,0.1,5.0,2.0,1.0,1,100.0,1.0,0.01,0.05,0.5,ransac,5,ols,0.5,1.0,0.001,10000,10,0.001,,results/solver_comparison_N100/dataset,ladder/spikes,42,results/oracle_ladder,0.0038948103490368,0.504947651161374,1.3420642824865772,0.0,2026-06-18T16:53:18,results/oracle_ladder/spikes_lag5
80,20,5000.0,0.1,0.1,5.0,2.0,1.0,1,100.0,1.0,0.01,0.05,0.5,ransac,5,ols,1.0,1.0,0.001,10000,10,0.001,,results/solver_comparison_N100/dataset,ladder/spikes,42,results/oracle_ladder,-0.0270934666031684,0.5022177009011527,1.0440982342565206,0.0,2026-06-18T16:53:18,results/oracle_ladder/spikes_lag10
80,20,5000.0,0.1,0.1,5.0,2.0,1.0,1,100.0,1.0,0.01,0.05,0.5,ransac,5,ols,1.5,1.0,0.001,10000,10,0.001,,results/solver_comparison_N100/dataset,ladder/spikes,42,results/oracle_ladder,0.3703292155078653,0.8963144254802913,0.3032207061476668,0.0,2026-06-18T16:53:18,results/oracle_ladder/spikes_lag15
80,20,5000.0,0.1,0.1,5.0,2.0,1.0,1,100.0,1.0,0.01,0.05,0.5,ransac,5,ols,2.0,1.0,0.001,10000,10,0.001,,results/solver_comparison_N100/dataset,ladder/spikes,42,results/oracle_ladder,0.1026427813662359,0.5551262478035494,2.478137471785445,0.0,2026-06-18T16:53:18,results/oracle_ladder/spikes_lag20
80,20,5000.0,0.1,0.1,5.0,2.0,1.0,1,100.0,1.0,0.01,0.05,0.5,ransac,5,ols,3.0,1.0,0.001,10000,10,0.001,,results/solver_comparison_N100/dataset,ladder/spikes,42,results/oracle_ladder,0.0882183074868205,0.5478531096924332,1.463371576782511,0.0,2026-06-18T16:53:18,results/oracle_ladder/spikes_lag30
80,20,5000.0,0.1,0.1,5.0,2.0,1.0,1,100.0,1.0,0.01,0.05,0.5,ransac,5,ols,5.0,1.0,0.001,10000,10,0.001,,results/solver_comparison_N100/dataset,ladder/spikes,42,results/oracle_ladder,0.0684835089971016,0.5290531214036884,1.1096197283723448,0.0,2026-06-18T16:53:18,results/oracle_ladder/spikes_lag50
80,20,5000.0,0.1,0.1,5.0,2.0,1.0,1,100.0,1.0,0.01,0.0,0.5,ransac,5,ols,0.5,1.0,0.001,10000,10,0.001,,results/solver_comparison_N100/dataset,ladder/clean_calcium,42,results/oracle_ladder,0.004475470108795,0.5108474320947893,1.0919335665383083,0.0,2026-06-18T16:53:18,results/oracle_ladder/clean_calcium_lag5
80,20,5000.0,0.1,0.1,5.0,2.0,1.0,1,100.0,1.0,0.01,0.0,0.5,ransac,5,ols,1.0,1.0,0.001,10000,10,0.001,,results/solver_comparison_N100/dataset,ladder/clean_calcium,42,results/oracle_ladder,-0.0233721206411488,0.5187385986444222,1.008280875816331,0.0,2026-06-18T16:53:18,results/oracle_ladder/clean_calcium_lag10
80,20,5000.0,0.1,0.1,5.0,2.0,1.0,1,100.0,1.0,0.01,0.0,0.5,ransac,5,ols,1.5,1.0,0.001,10000,10,0.001,,results/solver_comparison_N100/dataset,ladder/clean_calcium,42,results/oracle_ladder,0.3697576023096875,0.8961232911838332,0.3100031895602599,0.0,2026-06-18T16:53:18,results/oracle_ladder/clean_calcium_lag15
80,20,5000.0,0.1,0.1,5.0,2.0,1.0,1,100.0,1.0,0.01,0.0,0.5,ransac,5,ols,2.0,1.0,0.001,10000,10,0.001,,results/solver_comparison_N100/dataset,ladder/clean_calcium,42,results/oracle_ladder,0.1144616373858133,0.5697121911805748,2.7931578010114584,0.0,2026-06-18T16:53:18,results/oracle_ladder/clean_calcium_lag20
80,20,5000.0,0.1,0.1,5.0,2.0,1.0,1,100.0,1.0,0.01,0.0,0.5,ransac,5,ols,3.0,1.0,0.001,10000,10,0.001,,results/solver_comparison_N100/dataset,ladder/clean_calcium,42,results/oracle_ladder,0.0885730272564176,0.5523428177185624,1.475166512356384,0.0,2026-06-18T16:53:18,results/oracle_ladder/clean_calcium_lag30
80,20,5000.0,0.1,0.1,5.0,2.0,1.0,1,100.0,1.0,0.01,0.0,0.5,ransac,5,ols,5.0,1.0,0.001,10000,10,0.001,,results/solver_comparison_N100/dataset,ladder/clean_calcium,42,results/oracle_ladder,0.0790545172067229,0.5332508744482606,1.234397378280843,0.0,2026-06-18T16:53:18,results/oracle_ladder/clean_calcium_lag50
80,20,5000.0,0.1,0.1,5.0,2.0,1.0,1,100.0,1.0,0.01,0.05,0.5,ransac,5,ols,0.5,1.0,0.001,10000,10,0.001,,results/solver_comparison_N100/dataset,ladder/noisy_calcium,42,results/oracle_ladder,-0.0230606098815049,0.5091109315595189,0.98523967422432,0.0,2026-06-18T16:53:18,results/oracle_ladder/noisy_calcium_lag5
80,20,5000.0,0.1,0.1,5.0,2.0,1.0,1,100.0,1.0,0.01,0.05,0.5,ransac,5,ols,1.0,1.0,0.001,10000,10,0.001,,results/solver_comparison_N100/dataset,ladder/noisy_calcium,42,results/oracle_ladder,-0.0292197384282767,0.509298642202736,1.083169178477588,0.0,2026-06-18T16:53:18,results/oracle_ladder/noisy_calcium_lag10
80,20,5000.0,0.1,0.1,5.0,2.0,1.0,1,100.0,1.0,0.01,0.05,0.5,ransac,5,ols,1.5,1.0,0.001,10000,10,0.001,,results/solver_comparison_N100/dataset,ladder/noisy_calcium,42,results/oracle_ladder,0.3525196953141583,0.8698755584686778,0.2911778596182468,0.0,2026-06-18T16:53:18,results/oracle_ladder/noisy_calcium_lag15
80,20,5000.0,0.1,0.1,5.0,2.0,1.0,1,100.0,1.0,0.01,0.05,0.5,ransac,5,ols,2.0,1.0,0.001,10000,10,0.001,,results/solver_comparison_N100/dataset,ladder/noisy_calcium,42,results/oracle_ladder,0.0920816150096499,0.532830355384651,1.7054299896642626,0.0,2026-06-18T16:53:18,results/oracle_ladder/noisy_calcium_lag20
80,20,5000.0,0.1,0.1,5.0,2.0,1.0,1,100.0,1.0,0.01,0.05,0.5,ransac,5,ols,3.0,1.0,0.001,10000,10,0.001,,results/solver_comparison_N100/dataset,ladder/noisy_calcium,42,results/oracle_ladder,0.0775140369197541,0.5229146291994649,1.0316889461112275,0.0,2026-06-18T16:53:18,results/oracle_ladder/noisy_calcium_lag30
80,20,5000.0,0.1,0.1,5.0,2.0,1.0,1,100.0,1.0,0.01,0.05,0.5,ransac,5,ols,5.0,1.0,0.001,10000,10,0.001,,results/solver_comparison_N100/dataset,ladder/noisy_calcium,42,results/oracle_ladder,0.0685475077920776,0.5105933734129007,1.1306995197126002,0.0,2026-06-18T16:53:18,results/oracle_ladder/noisy_calcium_lag50
80,20,5000.0,0.1,0.1,5.0,2.0,1.0,1,100.0,1.0,0.01,0.05,0.5,ransac,5,ols,1.2000000000000002,1.0,0.001,10000,10,0.001,,results/solver_comparison_N100/dataset,ladder/spikes,42,results/oracle_ladder,-0.0081294689139433,0.5208690554164319,0.9117853478219524,0.0,2026-06-18T16:56:05,results/oracle_ladder/spikes_lag12
80,20,5000.0,0.1,0.1,5.0,2.0,1.0,1,100.0,1.0,0.01,0.05,0.5,ransac,5,ols,1.3,1.0,0.001,10000,10,0.001,,results/solver_comparison_N100/dataset,ladder/spikes,42,results/oracle_ladder,-0.0139565905909861,0.514558199980072,1.2553829837522237,0.0,2026-06-18T16:56:05,results/oracle_ladder/spikes_lag13
80,20,5000.0,0.1,0.1,5.0,2.0,1.0,1,100.0,1.0,0.01,0.05,0.5,ransac,5,ols,1.4,1.0,0.001,10000,10,0.001,,results/solver_comparison_N100/dataset,ladder/spikes,42,results/oracle_ladder,-0.0090146152977386,0.5159476129109033,1.195973175851158,0.0,2026-06-18T16:56:05,results/oracle_ladder/spikes_lag14
80,20,5000.0,0.1,0.1,5.0,2.0,1.0,1,100.0,1.0,0.01,0.05,0.5,ransac,5,ols,1.5,1.0,0.001,10000,10,0.001,,results/solver_comparison_N100/dataset,ladder/spikes,42,results/oracle_ladder,0.3703292155078653,0.8963144254802913,0.3032207061476668,0.0,2026-06-18T16:56:05,results/oracle_ladder/spikes_lag15
80,20,5000.0,0.1,0.1,5.0,2.0,1.0,1,100.0,1.0,0.01,0.05,0.5,ransac,5,ols,1.6,1.0,0.001,10000,10,0.001,,results/solver_comparison_N100/dataset,ladder/spikes,42,results/oracle_ladder,0.1038171319281031,0.5595811290122265,2.148847739295071,0.0,2026-06-18T16:56:05,results/oracle_ladder/spikes_lag16
80,20,5000.0,0.1,0.1,5.0,2.0,1.0,1,100.0,1.0,0.01,0.05,0.5,ransac,5,ols,1.7000000000000002,1.0,0.001,10000,10,0.001,,results/solver_comparison_N100/dataset,ladder/spikes,42,results/oracle_ladder,0.1087793729327349,0.5409465385921277,2.271156279874598,0.0,2026-06-18T16:56:05,results/oracle_ladder/spikes_lag17
80,20,5000.0,0.1,0.1,5.0,2.0,1.0,1,100.0,1.0,0.01,0.05,0.5,ransac,5,ols,1.8,1.0,0.001,10000,10,0.001,,results/solver_comparison_N100/dataset,ladder/spikes,42,results/oracle_ladder,0.088536248507239,0.5450400472983598,2.445156181693838,0.0,2026-06-18T16:56:05,results/oracle_ladder/spikes_lag18
80,20,5000.0,0.1,0.1,5.0,2.0,1.0,1,100.0,1.0,0.01,0.0,0.5,ransac,5,ols,1.2000000000000002,1.0,0.001,10000,10,0.001,,results/solver_comparison_N100/dataset,ladder/clean_calcium,42,results/oracle_ladder,0.0111273331731684,0.5133295806945625,1.297072228563472,0.0,2026-06-18T16:56:05,results/oracle_ladder/clean_calcium_lag12
80,20,5000.0,0.1,0.1,5.0,2.0,1.0,1,100.0,1.0,0.01,0.0,0.5,ransac,5,ols,1.3,1.0,0.001,10000,10,0.001,,results/solver_comparison_N100/dataset,ladder/clean_calcium,42,results/oracle_ladder,-0.1742053907514807,0.7727545438961929,0.3863668044533642,0.0,2026-06-18T16:56:05,results/oracle_ladder/clean_calcium_lag13
80,20,5000.0,0.1,0.1,5.0,2.0,1.0,1,100.0,1.0,0.01,0.0,0.5,ransac,5,ols,1.4,1.0,0.001,10000,10,0.001,,results/solver_comparison_N100/dataset,ladder/clean_calcium,42,results/oracle_ladder,0.281964835911703,0.8389838172175287,0.291294446303401,0.0,2026-06-18T16:56:05,results/oracle_ladder/clean_calcium_lag14
80,20,5000.0,0.1,0.1,5.0,2.0,1.0,1,100.0,1.0,0.01,0.0,0.5,ransac,5,ols,1.5,1.0,0.001,10000,10,0.001,,results/solver_comparison_N100/dataset,ladder/clean_calcium,42,results/oracle_ladder,0.3697576023096875,0.8961232911838332,0.3100031895602599,0.0,2026-06-18T16:56:05,results/oracle_ladder/clean_calcium_lag15
80,20,5000.0,0.1,0.1,5.0,2.0,1.0,1,100.0,1.0,0.01,0.0,0.5,ransac,5,ols,1.6,1.0,0.001,10000,10,0.001,,results/solver_comparison_N100/dataset,ladder/clean_calcium,42,results/oracle_ladder,0.3848007371143119,0.8745140183252811,0.52473991479316,0.0,2026-06-18T16:56:05,results/oracle_ladder/clean_calcium_lag16
80,20,5000.0,0.1,0.1,5.0,2.0,1.0,1,100.0,1.0,0.01,0.0,0.5,ransac,5,ols,1.7000000000000002,1.0,0.001,10000,10,0.001,,results/solver_comparison_N100/dataset,ladder/clean_calcium,42,results/oracle_ladder,-0.0812126638733844,0.7713013801808728,0.3770171464263749,0.0,2026-06-18T16:56:05,results/oracle_ladder/clean_calcium_lag17
80,20,5000.0,0.1,0.1,5.0,2.0,1.0,1,100.0,1.0,0.01,0.0,0.5,ransac,5,ols,1.8,1.0,0.001,10000,10,0.001,,results/solver_comparison_N100/dataset,ladder/clean_calcium,42,results/oracle_ladder,0.1254496411531222,0.5482267601237427,3.2300355554275058,0.0,2026-06-18T16:56:05,results/oracle_ladder/clean_calcium_lag18
80,20,5000.0,0.1,0.1,5.0,2.0,1.0,1,100.0,1.0,0.01,0.05,0.5,ransac,5,ols,1.2000000000000002,1.0,0.001,10000,10,0.001,,results/solver_comparison_N100/dataset,ladder/noisy_calcium,42,results/oracle_ladder,-0.0031758793935164,0.5089925203801813,0.9286351598118898,0.0,2026-06-18T16:56:05,results/oracle_ladder/noisy_calcium_lag12
80,20,5000.0,0.1,0.1,5.0,2.0,1.0,1,100.0,1.0,0.01,0.05,0.5,ransac,5,ols,1.3,1.0,0.001,10000,10,0.001,,results/solver_comparison_N100/dataset,ladder/noisy_calcium,42,results/oracle_ladder,-0.2053593327444448,0.720448559964224,0.528653749180508,0.0,2026-06-18T16:56:05,results/oracle_ladder/noisy_calcium_lag13
80,20,5000.0,0.1,0.1,5.0,2.0,1.0,1,100.0,1.0,0.01,0.05,0.5,ransac,5,ols,1.4,1.0,0.001,10000,10,0.001,,results/solver_comparison_N100/dataset,ladder/noisy_calcium,42,results/oracle_ladder,0.2874323304980253,0.8003382097174141,0.285412832545426,0.0,2026-06-18T16:56:05,results/oracle_ladder/noisy_calcium_lag14
80,20,5000.0,0.1,0.1,5.0,2.0,1.0,1,100.0,1.0,0.01,0.05,0.5,ransac,5,ols,1.5,1.0,0.001,10000,10,0.001,,results/solver_comparison_N100/dataset,ladder/noisy_calcium,42,results/oracle_ladder,0.3525196953141583,0.8698755584686778,0.2911778596182468,0.0,2026-06-18T16:56:05,results/oracle_ladder/noisy_calcium_lag15
80,20,5000.0,0.1,0.1,5.0,2.0,1.0,1,100.0,1.0,0.01,0.05,0.5,ransac,5,ols,1.6,1.0,0.001,10000,10,0.001,,results/solver_comparison_N100/dataset,ladder/noisy_calcium,42,results/oracle_ladder,0.3429559518705556,0.8304538441959161,0.4655866713217133,0.0,2026-06-18T16:56:05,results/oracle_ladder/noisy_calcium_lag16
80,20,5000.0,0.1,0.1,5.0,2.0,1.0,1,100.0,1.0,0.01,0.05,0.5,ransac,5,ols,1.7000000000000002,1.0,0.001,10000,10,0.001,,results/solver_comparison_N100/dataset,ladder/noisy_calcium,42,results/oracle_ladder,-0.0934498718465857,0.7090129678540211,0.4272010650387103,0.0,2026-06-18T16:56:05,results/oracle_ladder/noisy_calcium_lag17
80,20,5000.0,0.1,0.1,5.0,2.0,1.0,1,100.0,1.0,0.01,0.05,0.5,ransac,5,ols,1.8,1.0,0.001,10000,10,0.001,,results/solver_comparison_N100/dataset,ladder/noisy_calcium,42,results/oracle_ladder,0.11975561785094757,0.5302792614920233,1.9082431716157346,0.0,2026-06-18T16:56:05,results/oracle_ladder/noisy_calcium_lag18
